filename,width,height,class,xmin,ymin,xmax,ymax
bottle_001.jpg,300,300,emptybottle,111,2,190,297
bottle_002.jpg,1000,1540,emptybottle,215,132,768,1451
bottle_003.jpg,960,960,emptybottle,372,41,596,922
bottle_004.jpg,300,294,emptybottle,102,33,204,267
bottle_005.jpg,250,250,emptybottle,89,4,163,248
bottle_007.jpg,500,500,emptybottle,191,10,334,480
bottle_008.jpg,866,1300,emptybottle,264,67,581,1127
bottle_009.jpg,800,673,emptybottle,5,1,234,646
bottle_009.jpg,800,673,emptybottle,303,12,554,655
bottle_009.jpg,800,673,emptybottle,623,3,792,656
bottle_011.jpg,995,1400,emptybottle,362,280,656,1327
bottle_012.jpg,2366,3228,emptybottle,423,233,1919,2887
bottle_013.jpg,500,500,emptybottle,169,26,332,475
bottle_014.jpg,400,400,emptybottle,89,30,316,382
bottle_015.jpg,300,300,emptybottle,68,17,238,290
bottle_016.jpg,736,736,emptybottle,303,34,446,704
bottle_018.jpg,866,1300,emptybottle,251,132,612,1232
bottle_019.jpg,626,626,emptybottle,221,66,391,534
bottle_021.jpg,600,600,emptybottle,149,71,446,579
bottle_022.jpg,1024,512,emptybottle,73,142,946,369
bottle_023.jpg,1026,1300,emptybottle,210,114,782,1223
bottle_024.jpg,600,600,emptybottle,211,2,387,600
bottle_025.jpg,600,600,emptybottle,211,90,386,568
bottle_026.jpg,500,500,emptybottle,234,1,366,484
bottle_028.jpg,615,410,emptybottle,388,21,457,315
bottle_028.jpg,615,410,emptybottle,213,277,558,368
bottle_028.jpg,615,410,emptybottle,52,194,229,382
bottle_029.jpg,800,800,emptybottle,319,157,476,689
bottle_031.jpg,450,470,emptybottle,163,33,286,418
bottle_032.jpg,300,300,emptybottle,101,39,164,291
bottle_032.jpg,300,300,emptybottle,169,40,233,292
bottle_032.jpg,300,300,emptybottle,67,7,123,258
bottle_033.jpg,995,1400,emptybottle,345,125,672,1376
bottle_034.jpg,1024,1024,emptybottle,336,61,684,978
bottle_036.jpg,960,960,emptybottle,386,67,575,897
bottle_037.jpg,500,500,emptybottle,183,1,314,498
bottle_038.jpg,1600,1600,emptybottle,548,3,1064,1600
bottle_039.jpg,499,800,emptybottle,116,65,395,690
bottle_041.jpg,1200,1200,emptybottle,430,47,734,1165
bottle_042.jpg,400,400,emptybottle,104,3,297,395
bottle_043.jpg,300,300,emptybottle,87,4,210,298
bottle_045.jpg,450,470,emptybottle,37,91,149,400
bottle_045.jpg,450,470,emptybottle,173,46,286,402
bottle_045.jpg,450,470,emptybottle,310,97,413,404
bottle_046.jpg,1024,1024,emptybottle,340,48,683,977
bottle_047.jpg,547,800,emptybottle,73,121,488,654
bottle_048.jpg,1024,904,emptybottle,38,46,177,565
bottle_048.jpg,1024,904,emptybottle,64,610,148,875
bottle_048.jpg,1024,904,emptybottle,214,577,299,883
bottle_048.jpg,1024,904,emptybottle,355,418,486,877
bottle_048.jpg,1024,904,emptybottle,553,561,640,878
bottle_048.jpg,1024,904,emptybottle,705,500,811,873
bottle_048.jpg,1024,904,emptybottle,860,400,990,881
bottle_048.jpg,1024,904,emptybottle,875,41,961,349
bottle_048.jpg,1024,904,emptybottle,718,43,813,409
bottle_048.jpg,1024,904,emptybottle,526,34,660,514
bottle_048.jpg,1024,904,emptybottle,373,44,462,357
bottle_048.jpg,1024,904,emptybottle,224,275,304,562
bottle_048.jpg,1024,904,emptybottle,224,42,311,260
bottle_049.jpg,794,464,emptybottle,46,25,563,317
bottle_050.jpg,500,500,emptybottle,21,209,123,480
bottle_050.jpg,500,500,emptybottle,125,179,228,467
bottle_050.jpg,500,500,emptybottle,348,114,473,462
bottle_050.jpg,500,500,emptybottle,226,46,355,444
bottle_050.jpg,500,500,emptybottle,95,19,229,430
bottle_051.jpg,800,800,emptybottle,278,121,520,669
bottle_052.jpg,591,600,emptybottle,79,19,260,560
bottle_052.jpg,591,600,emptybottle,247,11,410,544
bottle_052.jpg,591,600,emptybottle,82,371,572,576
bottle_055.jpg,1024,1024,emptybottle,405,96,632,960
bottle_056.jpg,450,450,emptybottle,69,153,137,395
bottle_056.jpg,450,450,emptybottle,166,51,272,397
bottle_056.jpg,450,450,emptybottle,303,121,387,395
bottle_058.jpg,1000,1000,emptybottle,373,151,637,892
bottle_059.jpg,236,320,emptybottle,70,32,147,285
bottle_061.jpg,828,2248,emptybottle,141,69,670,2203
bottle_064.jpg,800,800,emptybottle,417,84,627,750
bottle_064.jpg,800,800,emptybottle,216,147,420,756
bottle_065.jpg,236,270,emptybottle,9,11,71,266
bottle_065.jpg,236,270,emptybottle,85,10,149,266
bottle_065.jpg,236,270,emptybottle,164,12,227,267
bottle_066.jpg,1200,1200,emptybottle,437,21,751,1147
bottle_068.jpg,1001,1600,emptybottle,320,71,692,1380
bottle_070.jpg,800,582,emptybottle,287,1,797,302
bottle_071.jpg,1200,1200,emptybottle,369,210,825,1080
bottle_073.jpg,225,300,emptybottle,49,7,185,272
bottle_074.jpg,340,270,emptybottle,90,21,248,257
bottle_075.jpg,677,700,emptybottle,275,84,393,583
bottle_076.jpg,640,640,emptybottle,244,36,387,610
bottle_077.jpg,400,499,emptybottle,124,23,277,478
bottle_079.jpg,600,900,emptybottle,208,46,409,817
bottle_080.jpg,390,470,emptybottle,134,12,255,434
bottle_081.jpg,1800,2700,emptybottle,491,69,1252,2619
bottle_083.jpg,683,1024,emptybottle,223,199,462,902
bottle_086.jpg,960,960,emptybottle,355,66,611,910
bottle_087.jpg,800,800,emptybottle,260,96,498,556
bottle_088.jpg,500,375,emptybottle,126,97,478,375
bottle_090.jpg,1300,1390,emptybottle,526,99,791,1186
bottle_093.jpg,1000,1500,emptybottle,322,326,686,1117
bottle_095.jpg,425,281,emptybottle,74,18,140,252
bottle_095.jpg,425,281,emptybottle,138,26,203,251
bottle_095.jpg,425,281,emptybottle,203,57,262,250
bottle_095.jpg,425,281,emptybottle,263,98,317,252
bottle_095.jpg,425,281,emptybottle,316,144,362,250
bottle_097.jpg,600,600,emptybottle,201,91,406,553
bottle_098.jpg,500,375,emptybottle,4,44,91,290
bottle_098.jpg,500,375,emptybottle,98,46,169,287
bottle_098.jpg,500,375,emptybottle,178,54,240,290
bottle_098.jpg,500,375,emptybottle,253,54,315,286
bottle_098.jpg,500,375,emptybottle,330,82,404,285
bottle_098.jpg,500,375,emptybottle,409,84,487,286
bottle_101.jpg,250,500,emptybottle,52,48,189,465
bottle_103.jpg,234,500,emptybottle,22,31,198,500
bottle_105.jpg,318,500,emptybottle,32,1,137,488
bottle_105.jpg,318,500,emptybottle,177,4,286,496
bottle_106.jpg,185,250,emptybottle,1,2,86,250
bottle_106.jpg,185,250,emptybottle,90,2,184,250
bottle_107.jpg,375,500,emptybottle,128,2,246,470
bottle_108.jpg,357,500,emptybottle,90,37,260,411
bottle_109.jpg,500,333,emptybottle,320,23,395,301
bottle_110.jpg,500,500,emptybottle,22,135,86,338
bottle_110.jpg,500,500,emptybottle,101,137,164,339
bottle_110.jpg,500,500,emptybottle,177,149,239,336
bottle_110.jpg,500,500,emptybottle,252,159,314,335
bottle_110.jpg,500,500,emptybottle,328,127,394,337
bottle_110.jpg,500,500,emptybottle,409,109,474,336
bottle_112.jpg,682,1024,emptybottle,262,111,651,1024
bottle_113.jpg,896,1024,emptybottle,358,155,541,1005
bottle_114.jpg,500,500,emptybottle,163,41,342,481
bottle_115.jpg,500,375,emptybottle,242,12,349,310
bottle_116.jpg,500,358,emptybottle,268,64,306,200
bottle_117.jpg,415,415,emptybottle,230,54,333,370
bottle_117.jpg,415,415,emptybottle,83,54,183,369
bottle_118.jpg,500,334,emptybottle,265,74,346,320
bottle_120.jpg,333,500,emptybottle,104,2,240,482
bottle_121.jpg,1280,1280,emptybottle,407,36,849,1244
bottle_123.jpg,226,500,emptybottle,30,17,180,492
bottle_124.jpg,225,500,emptybottle,60,5,169,474
bottle_125.jpg,278,500,emptybottle,63,48,212,459
bottle_129.jpg,220,500,emptybottle,47,22,174,482
bottle_131.jpg,500,375,emptybottle,77,242,367,355
bottle_131.jpg,500,375,emptybottle,77,139,379,238
bottle_131.jpg,500,375,emptybottle,78,51,376,146
bottle_133.jpg,333,500,emptybottle,69,44,333,414
bottle_134.jpg,250,250,emptybottle,27,36,69,212
bottle_134.jpg,250,250,emptybottle,100,50,146,213
bottle_134.jpg,250,250,emptybottle,178,47,224,211
bottle_135.jpg,500,332,emptybottle,91,27,187,320
bottle_135.jpg,500,332,emptybottle,206,50,271,315
bottle_135.jpg,500,332,emptybottle,289,51,349,312
bottle_136.jpg,239,500,emptybottle,47,42,186,462
bottle_137.jpg,375,500,emptybottle,123,27,237,465
bottle_138.jpg,953,1300,emptybottle,256,63,587,1229
bottle_140.jpg,640,640,emptybottle,238,15,400,625
bottle_141.jpg,500,375,emptybottle,68,108,142,339
bottle_141.jpg,500,375,emptybottle,131,94,198,363
bottle_141.jpg,500,375,emptybottle,236,96,304,361
bottle_141.jpg,500,375,emptybottle,373,94,440,341
bottle_141.jpg,500,375,emptybottle,303,20,375,337
bottle_141.jpg,500,375,emptybottle,178,38,257,338
bottle_143.jpg,1301,1600,emptybottle,440,43,850,1460
bottle_145.jpg,333,500,emptybottle,86,15,228,500
bottle_146.jpg,500,335,emptybottle,82,36,151,318
bottle_146.jpg,500,335,emptybottle,151,30,227,317
bottle_146.jpg,500,335,emptybottle,224,26,301,317
bottle_148.jpg,247,500,emptybottle,48,37,193,483
bottle_150.jpg,234,300,emptybottle,70,1,167,300
bottle_152.jpg,500,333,emptybottle,210,52,293,275
bottle_154.jpg,2800,3733,emptybottle,954,285,1842,3147
bottle_155.jpg,375,500,emptybottle,102,82,230,400
bottle_156.jpg,1500,1500,emptybottle,495,96,903,1404
bottle_157.jpg,300,300,emptybottle,100,2,200,300
bottle_158.jpg,267,500,emptybottle,61,54,203,480
bottle_159.jpg,500,371,emptybottle,212,29,295,330
bottle_160.jpg,400,400,emptybottle,151,19,250,395
bottle_162.jpg,413,413,emptybottle,129,9,267,401
bottle_166.jpg,230,225,emptybottle,87,9,146,221
bottle_168.jpg,500,500,emptybottle,178,31,323,456
flowerpot_001.jpg,459,459,flowerpot,44,48,402,428
flowerpot_002.jpg,375,500,flowerpot,46,144,266,305
flowerpot_003.jpg,616,462,flowerpot,89,252,282,462
flowerpot_003.jpg,616,462,flowerpot,1,139,163,339
flowerpot_003.jpg,616,462,flowerpot,272,128,449,327
flowerpot_003.jpg,616,462,flowerpot,450,220,616,433
flowerpot_004.jpg,308,375,flowerpot,77,5,230,371
flowerpot_005.jpg,616,462,flowerpot,105,186,495,446
flowerpot_006.jpg,400,400,flowerpot,93,184,309,391
flowerpot_007.jpg,612,577,flowerpot,88,90,534,507
flowerpot_010.jpg,800,800,flowerpot,381,427,685,752
flowerpot_010.jpg,800,800,flowerpot,152,392,456,641
flowerpot_010.jpg,800,800,flowerpot,183,107,485,351
flowerpot_011.jpg,1000,582,flowerpot,49,258,318,527
flowerpot_011.jpg,1000,582,flowerpot,372,319,646,537
flowerpot_011.jpg,1000,582,flowerpot,674,269,945,535
flowerpot_014.jpg,600,582,flowerpot,151,283,382,537
flowerpot_016.jpg,800,800,flowerpot,10,44,792,769
flowerpot_017.jpg,540,540,flowerpot,127,123,499,514
flowerpot_017.jpg,540,540,flowerpot,1,164,173,416
flowerpot_019.jpg,1500,988,flowerpot,101,465,497,888
flowerpot_019.jpg,1500,988,flowerpot,479,464,888,893
flowerpot_019.jpg,1500,988,flowerpot,898,462,1300,896
flowerpot_020.jpg,600,900,flowerpot,159,454,472,847
flowerpot_021.jpg,500,332,flowerpot,78,165,198,284
flowerpot_021.jpg,500,332,flowerpot,199,168,320,285
flowerpot_021.jpg,500,332,flowerpot,334,161,454,285
flowerpot_022.jpg,1400,933,flowerpot,528,515,824,808
flowerpot_024.jpg,768,1024,flowerpot,239,526,324,603
flowerpot_024.jpg,768,1024,flowerpot,404,535,499,619
flowerpot_024.jpg,768,1024,flowerpot,254,368,351,454
flowerpot_024.jpg,768,1024,flowerpot,306,105,404,184
flowerpot_024.jpg,768,1024,flowerpot,372,381,447,438
flowerpot_024.jpg,768,1024,flowerpot,253,721,349,806
flowerpot_026.jpg,227,480,flowerpot,55,351,171,460
flowerpot_026.jpg,227,480,flowerpot,97,216,178,294
flowerpot_026.jpg,227,480,flowerpot,58,141,144,218
flowerpot_026.jpg,227,480,flowerpot,103,61,183,144
flowerpot_026.jpg,227,480,flowerpot,62,291,126,346
flowerpot_027.jpg,500,334,flowerpot,116,80,338,311
flowerpot_028.jpg,672,500,flowerpot,90,174,346,443
flowerpot_031.jpg,396,460,flowerpot,32,36,363,372
flowerpot_032.jpg,736,805,flowerpot,14,62,707,739
flowerpot_033.jpg,800,800,flowerpot,327,219,493,345
flowerpot_034.jpg,350,350,flowerpot,95,126,272,321
flowerpot_035.jpg,450,470,flowerpot,149,249,318,441
flowerpot_036.jpg,736,736,flowerpot,23,75,671,672
flowerpot_037.jpg,500,750,flowerpot,73,389,375,727
flowerpot_039.jpg,320,320,flowerpot,118,243,201,311
flowerpot_040.jpg,1181,1181,flowerpot,34,391,361,731
flowerpot_040.jpg,1181,1181,flowerpot,283,294,592,610
flowerpot_040.jpg,1181,1181,flowerpot,593,280,895,609
flowerpot_040.jpg,1181,1181,flowerpot,816,375,1149,727
flowerpot_041.jpg,770,515,flowerpot,264,97,632,473
flowerpot_042.jpg,500,621,flowerpot,153,414,317,595
flowerpot_043.jpg,500,375,flowerpot,260,265,307,309
flowerpot_043.jpg,500,375,flowerpot,299,243,370,291
flowerpot_043.jpg,500,375,flowerpot,159,230,262,297
flowerpot_043.jpg,500,375,flowerpot,1,109,65,167
flowerpot_043.jpg,500,375,flowerpot,82,119,114,144
flowerpot_043.jpg,500,375,flowerpot,117,136,160,180
flowerpot_043.jpg,500,375,flowerpot,161,133,231,163
flowerpot_043.jpg,500,375,flowerpot,176,80,233,104
flowerpot_043.jpg,500,375,flowerpot,82,148,115,183
flowerpot_045.jpg,600,600,flowerpot,180,299,403,558
flowerpot_046.jpg,570,420,flowerpot,68,213,184,300
flowerpot_046.jpg,570,420,flowerpot,228,207,345,302
flowerpot_046.jpg,570,420,flowerpot,393,204,503,301
flowerpot_047.jpg,500,370,flowerpot,74,196,233,354
flowerpot_047.jpg,500,370,flowerpot,208,161,356,303
flowerpot_047.jpg,500,370,flowerpot,322,234,440,346
flowerpot_048.jpg,680,738,flowerpot,193,299,541,631
flowerpot_049.jpg,1000,734,flowerpot,32,209,373,488
flowerpot_050.jpg,355,200,flowerpot,91,102,172,184
flowerpot_052.jpg,626,620,flowerpot,7,458,187,607
flowerpot_052.jpg,626,620,flowerpot,216,458,397,604
flowerpot_052.jpg,626,620,flowerpot,429,461,605,606
flowerpot_053.jpg,600,398,flowerpot,216,260,297,369
flowerpot_053.jpg,600,398,flowerpot,325,262,408,364
flowerpot_053.jpg,600,398,flowerpot,416,258,526,353
flowerpot_054.jpg,340,270,flowerpot,132,155,228,253
flowerpot_058.jpg,291,290,flowerpot,88,207,165,284
flowerpot_059.jpg,736,736,flowerpot,3,620,108,726
flowerpot_059.jpg,736,736,flowerpot,147,620,262,724
flowerpot_059.jpg,736,736,flowerpot,263,551,430,721
flowerpot_059.jpg,736,736,flowerpot,482,557,585,657
flowerpot_059.jpg,736,736,flowerpot,595,548,736,718
flowerpot_059.jpg,736,736,flowerpot,454,390,550,469
flowerpot_059.jpg,736,736,flowerpot,327,390,418,467
flowerpot_059.jpg,736,736,flowerpot,408,209,491,281
flowerpot_059.jpg,736,736,flowerpot,484,151,615,279
flowerpot_059.jpg,736,736,flowerpot,223,345,339,468
flowerpot_059.jpg,736,736,flowerpot,144,472,239,555
flowerpot_059.jpg,736,736,flowerpot,26,412,165,550
flowerpot_060.jpg,299,299,flowerpot,26,16,272,285
flowerpot_061.jpg,399,439,flowerpot,123,243,306,426
flowerpot_062.jpg,340,270,flowerpot,48,1,299,270
flowerpot_063.jpg,642,622,flowerpot,219,303,498,605
flowerpot_064.jpg,700,933,flowerpot,166,315,587,711
flowerpot_065.jpg,360,360,flowerpot,99,196,251,347
flowerpot_067.jpg,1300,1300,flowerpot,99,48,323,277
flowerpot_067.jpg,1300,1300,flowerpot,422,23,615,296
flowerpot_067.jpg,1300,1300,flowerpot,669,46,919,288
flowerpot_067.jpg,1300,1300,flowerpot,1008,42,1208,290
flowerpot_067.jpg,1300,1300,flowerpot,1008,367,1212,635
flowerpot_067.jpg,1300,1300,flowerpot,980,692,1235,936
flowerpot_067.jpg,1300,1300,flowerpot,1020,1015,1191,1271
flowerpot_067.jpg,1300,1300,flowerpot,731,1004,895,1263
flowerpot_067.jpg,1300,1300,flowerpot,387,1071,633,1268
flowerpot_067.jpg,1300,1300,flowerpot,83,1079,298,1265
flowerpot_067.jpg,1300,1300,flowerpot,65,710,330,944
flowerpot_067.jpg,1300,1300,flowerpot,380,685,643,935
flowerpot_067.jpg,1300,1300,flowerpot,695,689,941,942
flowerpot_067.jpg,1300,1300,flowerpot,681,381,943,633
flowerpot_067.jpg,1300,1300,flowerpot,405,383,653,633
flowerpot_067.jpg,1300,1300,flowerpot,70,371,336,630
flowerpot_068.jpg,1000,666,flowerpot,375,329,633,618
flowerpot_069.jpg,400,365,flowerpot,54,79,342,359
flowerpot_070.jpg,426,640,flowerpot,106,330,323,537
flowerpot_071.jpg,0,0,flowerpot,48,379,255,546
flowerpot_071.jpg,0,0,flowerpot,267,354,505,546
flowerpot_072.jpg,600,436,flowerpot,95,261,258,426
flowerpot_072.jpg,600,436,flowerpot,370,245,512,429
flowerpot_073.jpg,500,375,flowerpot,154,169,343,341
flowerpot_073.jpg,500,375,flowerpot,14,64,255,287
flowerpot_073.jpg,500,375,flowerpot,267,67,477,281
flowerpot_074.jpg,680,1001,flowerpot,178,418,529,752
flowerpot_075.jpg,299,299,flowerpot,17,38,281,260
flowerpot_076.jpg,500,500,flowerpot,41,34,224,215
flowerpot_076.jpg,500,500,flowerpot,282,33,461,214
flowerpot_076.jpg,500,500,flowerpot,32,286,220,473
flowerpot_076.jpg,500,500,flowerpot,276,283,466,475
flowerpot_078.jpg,1024,682,flowerpot,67,351,357,660
flowerpot_078.jpg,1024,682,flowerpot,374,325,632,646
flowerpot_078.jpg,1024,682,flowerpot,696,332,970,659
flowerpot_079.jpg,736,1136,flowerpot,173,712,573,1012
flowerpot_080.jpg,250,250,flowerpot,55,128,179,245
flowerpot_082.jpg,400,400,flowerpot,59,87,345,328
flowerpot_084.jpg,351,470,flowerpot,52,345,293,450
flowerpot_085.jpg,750,380,flowerpot,190,174,558,357
flowerpot_087.jpg,625,555,flowerpot,343,144,458,256
flowerpot_087.jpg,625,555,flowerpot,312,376,471,531
flowerpot_088.jpg,1028,1028,flowerpot,332,324,729,693
flowerpot_089.jpg,350,280,flowerpot,46,182,133,269
flowerpot_089.jpg,350,280,flowerpot,227,185,311,268
flowerpot_090.jpg,1552,873,flowerpot,879,380,1331,811
flowerpot_091.jpg,397,354,flowerpot,172,153,367,338
flowerpot_091.jpg,397,354,flowerpot,1,145,113,306
flowerpot_091.jpg,397,354,flowerpot,104,137,203,265
flowerpot_098.jpg,340,270,flowerpot,133,62,248,174
flowerpot_098.jpg,340,270,flowerpot,69,150,176,268
flowerpot_098.jpg,340,270,flowerpot,196,152,309,270
flowerpot_099.jpg,225,225,flowerpot,7,113,110,212
flowerpot_099.jpg,225,225,flowerpot,115,114,219,213
flowerpot_099.jpg,225,225,flowerpot,64,14,167,116
flowerpot_102.jpg,642,1024,flowerpot,76,545,538,946
flowerpot_103.jpg,524,524,flowerpot,4,74,172,240
flowerpot_103.jpg,524,524,flowerpot,184,71,349,233
flowerpot_103.jpg,524,524,flowerpot,357,69,521,236
flowerpot_103.jpg,524,524,flowerpot,7,302,170,463
flowerpot_103.jpg,524,524,flowerpot,181,302,348,460
flowerpot_103.jpg,524,524,flowerpot,358,302,520,466
flowerpot_104.jpg,550,353,flowerpot,299,107,388,181
flowerpot_104.jpg,550,353,flowerpot,448,104,539,181
flowerpot_104.jpg,550,353,flowerpot,184,178,247,236
flowerpot_104.jpg,550,353,flowerpot,94,158,162,222
flowerpot_104.jpg,550,353,flowerpot,31,64,87,114
flowerpot_105.jpg,570,478,flowerpot,15,249,171,364
flowerpot_105.jpg,570,478,flowerpot,181,238,331,355
flowerpot_105.jpg,570,478,flowerpot,379,250,534,368
flowerpot_106.jpg,1110,860,flowerpot,444,71,722,327
flowerpot_106.jpg,1110,860,flowerpot,269,402,429,531
flowerpot_106.jpg,1110,860,flowerpot,482,355,699,562
flowerpot_106.jpg,1110,860,flowerpot,85,532,535,860
flowerpot_106.jpg,1110,860,flowerpot,570,591,915,860
flowerpot_107.jpg,236,314,flowerpot,10,154,59,196
flowerpot_107.jpg,236,314,flowerpot,100,145,150,191
flowerpot_107.jpg,236,314,flowerpot,179,149,226,195
flowerpot_107.jpg,236,314,flowerpot,149,55,186,97
flowerpot_107.jpg,236,314,flowerpot,54,55,99,95
flowerpot_108.jpg,1300,888,flowerpot,73,514,315,753
flowerpot_108.jpg,1300,888,flowerpot,507,524,740,747
flowerpot_108.jpg,1300,888,flowerpot,964,532,1192,758
flowerpot_109.jpg,370,470,flowerpot,101,261,276,402
flowerpot_110.jpg,666,1000,flowerpot,225,570,587,943
flowerpot_110.jpg,666,1000,flowerpot,1,454,224,725
flowerpot_111.jpg,500,500,flowerpot,228,361,322,477
flowerpot_113.jpg,425,500,flowerpot,145,320,287,459
flowerpot_114.jpg,861,1300,flowerpot,312,876,700,1279
flowerpot_118.jpg,600,600,flowerpot,165,368,456,561
flowerpot_120.jpg,630,600,flowerpot,30,12,610,580
flowerpot_122.jpg,700,1050,flowerpot,136,635,519,1019
flowerpot_124.jpg,250,250,flowerpot,77,11,174,242
flowerpot_128.jpg,967,1024,flowerpot,354,653,695,991
flowerpot_129.jpg,800,1020,flowerpot,194,599,602,1016
flowerpot_130.jpg,260,348,flowerpot,87,245,165,330
flowerpot_131.jpg,250,250,flowerpot,30,6,217,248
flowerpot_133.jpg,375,500,flowerpot,19,172,362,497
flowerpot_135.jpg,375,500,flowerpot,69,236,288,437
flowerpot_136.jpg,500,335,flowerpot,66,75,240,254
flowerpot_136.jpg,500,335,flowerpot,243,63,420,247
flowerpot_139.jpg,432,324,flowerpot,80,31,388,302
flowerpot_140.jpg,500,452,flowerpot,169,9,325,179
flowerpot_140.jpg,500,452,flowerpot,100,147,250,318
flowerpot_140.jpg,500,452,flowerpot,253,143,411,316
flowerpot_140.jpg,500,452,flowerpot,43,269,176,438
flowerpot_140.jpg,500,452,flowerpot,195,257,317,422
flowerpot_140.jpg,500,452,flowerpot,335,263,468,437
flowerpot_143.jpg,375,500,flowerpot,319,337,375,395
flowerpot_143.jpg,375,500,flowerpot,4,372,75,460
flowerpot_143.jpg,375,500,flowerpot,92,334,121,363
flowerpot_144.jpg,343,500,flowerpot,39,237,303,487
flowerpot_145.jpg,500,428,flowerpot,199,216,395,411
flowerpot_145.jpg,500,428,flowerpot,265,159,493,351
flowerpot_145.jpg,500,428,flowerpot,93,190,254,352
flowerpot_146.jpg,500,478,flowerpot,121,263,362,468
flowerpot_148.jpg,500,375,flowerpot,325,89,444,205
flowerpot_148.jpg,500,375,flowerpot,167,55,298,178
flowerpot_148.jpg,500,375,flowerpot,70,159,172,262
flowerpot_150.jpg,331,500,flowerpot,20,298,129,404
flowerpot_150.jpg,331,500,flowerpot,226,351,327,459
flowerpot_150.jpg,331,500,flowerpot,33,179,208,293
flowerpot_152.jpg,375,500,flowerpot,15,123,368,470
flowerpot_153.jpg,225,169,flowerpot,56,78,158,158
flowerpot_154.jpg,203,266,flowerpot,42,149,187,265
flowerpot_155.jpg,500,375,flowerpot,160,238,496,375
flowerpot_156.jpg,375,500,flowerpot,93,263,317,490
flowerpot_157.jpg,375,500,flowerpot,49,193,148,292
flowerpot_158.jpg,334,500,flowerpot,53,271,263,463
flowerpot_159.jpg,400,300,flowerpot,98,108,330,300
flowerpot_159.jpg,400,300,flowerpot,56,1,229,175
flowerpot_161.jpg,379,500,flowerpot,68,240,315,467
flowerpot_163.jpg,415,558,flowerpot,4,208,298,534
flowerpot_165.jpg,500,375,flowerpot,103,179,272,350
flowerpot_166.jpg,322,325,flowerpot,141,234,227,305
flowerpot_167.jpg,375,500,flowerpot,89,286,270,439
flowerpot_168.jpg,500,332,flowerpot,83,152,192,264
flowerpot_168.jpg,500,332,flowerpot,218,63,274,115
flowerpot_169.jpg,500,375,flowerpot,257,201,338,286
flowerpot_170.jpg,233,370,flowerpot,34,210,149,330
flowerpot_172.jpg,500,375,flowerpot,261,140,381,272
flowerpot_173.jpg,500,310,flowerpot,34,131,107,207
flowerpot_173.jpg,500,310,flowerpot,408,124,476,196
flowerpot_174.jpg,375,500,flowerpot,122,201,335,469
flowerpot_175.jpg,500,375,flowerpot,251,254,388,375
flowerpot_175.jpg,500,375,flowerpot,171,267,270,375
flowerpot_175.jpg,500,375,flowerpot,3,155,174,375
flowerpot_176.jpg,500,500,flowerpot,50,114,443,483
flowerpot_178.jpg,333,500,flowerpot,100,319,256,466
flowerpot_179.jpg,333,500,flowerpot,21,125,332,438
flowerpot_180.jpg,375,500,flowerpot,148,281,312,423
flowerpot_181.jpg,396,500,flowerpot,16,132,259,486
tire_001.jpg,728,485,tire,46,57,430,457
tire_001.jpg,728,485,tire,272,124,625,435
tire_001.jpg,728,485,tire,292,28,556,124
tire_002.jpg,1024,768,tire,143,3,897,699
tire_003.jpg,450,456,tire,72,61,401,392
tire_004.jpg,600,400,tire,260,3,491,209
tire_004.jpg,600,400,tire,69,20,253,183
tire_004.jpg,600,400,tire,151,259,430,385
tire_004.jpg,600,400,tire,238,200,452,299
tire_004.jpg,600,400,tire,106,157,282,355
tire_004.jpg,600,400,tire,460,67,600,269
tire_005.jpg,423,470,tire,47,41,356,420
tire_006.jpg,728,485,tire,163,51,619,463
tire_007.jpg,500,341,tire,34,17,471,324
tire_008.jpg,1300,957,tire,167,189,1013,670
tire_009.jpg,300,168,tire,127,72,172,94
tire_009.jpg,300,168,tire,171,121,204,139
tire_009.jpg,300,168,tire,51,114,139,168
tire_009.jpg,300,168,tire,5,96,88,133
tire_009.jpg,300,168,tire,47,72,110,96
tire_009.jpg,300,168,tire,1,78,54,102
tire_009.jpg,300,168,tire,112,112,163,136
tire_009.jpg,300,168,tire,167,59,209,73
tire_010.jpg,500,332,tire,39,112,219,233
tire_010.jpg,500,332,tire,242,125,424,241
tire_011.jpg,450,320,tire,95,31,356,136
tire_011.jpg,450,320,tire,77,133,399,301
tire_011.jpg,450,320,tire,1,127,74,267
tire_013.jpg,961,931,tire,260,306,882,735
tire_013.jpg,961,931,tire,5,405,263,666
tire_015.jpg,728,485,tire,96,57,692,466
tire_019.jpg,1024,682,tire,1,22,853,681
tire_021.jpg,275,183,tire,25,32,163,172
tire_022.jpg,1024,768,tire,83,81,655,409
tire_022.jpg,1024,768,tire,160,408,818,768
tire_022.jpg,1024,768,tire,634,57,947,280
tire_022.jpg,1024,768,tire,781,2,1024,119
tire_022.jpg,1024,768,tire,715,222,1024,408
tire_022.jpg,1024,768,tire,486,7,777,101
tire_023.jpg,250,288,tire,91,23,186,107
tire_023.jpg,250,288,tire,107,108,221,185
tire_023.jpg,250,288,tire,1,129,106,235
tire_023.jpg,250,288,tire,58,168,195,287
tire_025.jpg,450,396,tire,202,63,422,312
tire_025.jpg,450,396,tire,48,122,243,220
tire_025.jpg,450,396,tire,49,209,272,303
tire_026.jpg,453,604,tire,142,296,376,470
tire_026.jpg,453,604,tire,210,227,326,298
tire_026.jpg,453,604,tire,149,226,252,305
tire_027.jpg,900,600,tire,93,81,819,595
tire_029.jpg,1024,682,tire,204,156,804,631
tire_030.jpg,275,183,tire,162,35,221,128
tire_030.jpg,275,183,tire,105,84,165,172
tire_032.jpg,640,445,tire,165,76,618,354
tire_034.jpg,340,221,tire,1,78,169,221
tire_034.jpg,340,221,tire,156,152,280,221
tire_034.jpg,340,221,tire,250,48,318,200
tire_034.jpg,340,221,tire,34,14,153,64
tire_034.jpg,340,221,tire,150,1,253,161
tire_037.jpg,736,552,tire,196,211,300,266
tire_037.jpg,736,552,tire,23,265,154,337
tire_037.jpg,736,552,tire,303,262,435,341
tire_037.jpg,736,552,tire,569,268,707,338
tire_037.jpg,736,552,tire,466,355,666,483
tire_040.jpg,480,625,tire,21,70,454,502
tire_042.jpg,300,168,tire,163,82,248,120
tire_042.jpg,300,168,tire,53,90,163,157
tire_042.jpg,300,168,tire,11,60,102,92
tire_043.jpg,728,485,tire,145,16,628,462
tire_044.jpg,275,183,tire,74,34,167,128
tire_046.jpg,275,183,tire,1,88,31,116
tire_046.jpg,275,183,tire,31,87,54,109
tire_046.jpg,275,183,tire,84,95,115,115
tire_046.jpg,275,183,tire,108,82,122,114
tire_046.jpg,275,183,tire,121,78,156,125
tire_046.jpg,275,183,tire,152,78,191,128
tire_046.jpg,275,183,tire,194,91,226,129
tire_047.jpg,276,183,tire,11,60,61,95
tire_047.jpg,276,183,tire,130,66,180,98
tire_048.jpg,280,168,tire,174,31,244,76
tire_048.jpg,280,168,tire,140,56,233,137
tire_050.jpg,321,157,tire,174,93,287,157
tire_050.jpg,321,157,tire,16,70,99,126
tire_050.jpg,321,157,tire,112,73,186,103
tire_050.jpg,321,157,tire,77,64,120,85
tire_050.jpg,321,157,tire,103,46,137,66
tire_050.jpg,321,157,tire,128,36,154,49
tire_050.jpg,321,157,tire,113,74,187,102
tire_050.jpg,321,157,tire,87,32,119,62
tire_051.jpg,228,149,tire,24,2,226,148
tire_052.jpg,259,194,tire,1,123,97,193
tire_052.jpg,259,194,tire,171,7,242,60
tire_052.jpg,259,194,tire,100,7,259,193
tire_053.jpg,311,162,tire,99,15,128,65
tire_053.jpg,311,162,tire,42,120,106,162
tire_053.jpg,311,162,tire,189,114,279,161
tire_053.jpg,311,162,tire,144,121,203,162
tire_054.jpg,266,189,tire,1,6,262,184
tire_056.jpg,225,225,tire,94,103,131,121
tire_056.jpg,225,225,tire,87,88,116,109
tire_058.jpg,275,183,tire,64,77,200,147
tire_059.jpg,1280,853,tire,220,31,1275,853
tire_060.jpg,275,183,tire,128,92,202,168
tire_060.jpg,275,183,tire,1,107,60,183
tire_060.jpg,275,183,tire,103,134,208,182
tire_061.jpg,251,201,tire,79,96,206,181
tire_061.jpg,251,201,tire,179,16,251,106
tire_061.jpg,251,201,tire,111,46,200,100
tire_062.jpg,275,183,tire,209,114,275,150
tire_062.jpg,275,183,tire,161,73,217,125
tire_062.jpg,275,183,tire,228,73,266,108
tire_062.jpg,275,183,tire,57,99,143,175
tire_064.jpg,473,106,tire,426,52,455,69
tire_064.jpg,473,106,tire,394,54,425,70
tire_064.jpg,473,106,tire,236,62,270,76
tire_064.jpg,473,106,tire,105,50,133,67
tire_064.jpg,473,106,tire,34,71,68,82
tire_064.jpg,473,106,tire,138,49,171,60
tire_064.jpg,473,106,tire,227,47,259,60
tire_065.jpg,329,153,tire,201,56,329,152
tire_065.jpg,329,153,tire,94,94,212,153
tire_067.jpg,275,183,tire,188,56,251,130
tire_067.jpg,275,183,tire,173,121,263,162
tire_067.jpg,275,183,tire,68,34,143,105
tire_067.jpg,275,183,tire,61,95,135,131
tire_067.jpg,275,183,tire,33,135,114,182
tire_067.jpg,275,183,tire,12,131,80,182
tire_067.jpg,275,183,tire,12,54,49,89
tire_067.jpg,275,183,tire,153,16,213,50
tire_070.jpg,284,177,tire,1,1,284,123
tire_070.jpg,284,177,tire,1,98,284,176
tire_071.jpg,259,194,tire,45,115,232,194
tire_073.jpg,300,168,tire,42,68,137,159
tire_073.jpg,300,168,tire,213,87,261,136
tire_073.jpg,300,168,tire,65,49,114,64
tire_073.jpg,300,168,tire,70,96,112,110
tire_073.jpg,300,168,tire,69,111,113,124
tire_075.jpg,300,168,tire,81,1,281,167
tire_075.jpg,300,168,tire,134,33,230,101
tire_076.jpg,259,194,tire,13,129,71,169
tire_076.jpg,259,194,tire,28,107,67,130
tire_076.jpg,259,194,tire,122,108,195,185
tire_076.jpg,259,194,tire,202,127,259,179
tire_076.jpg,259,194,tire,218,74,258,125
tire_076.jpg,259,194,tire,174,52,231,88
tire_076.jpg,259,194,tire,138,46,186,83
tire_077.jpg,299,169,tire,40,15,299,168
tire_079.jpg,300,168,tire,25,73,153,168
tire_079.jpg,300,168,tire,76,53,142,76
tire_079.jpg,300,168,tire,181,55,294,110
tire_079.jpg,300,168,tire,176,97,287,138
tire_079.jpg,300,168,tire,177,125,280,164
tire_079.jpg,300,168,tire,154,17,238,51
tire_080.jpg,275,183,tire,31,74,230,142
tire_081.jpg,194,259,tire,15,166,72,229
tire_082.jpg,244,206,tire,54,156,140,206
tire_082.jpg,244,206,tire,95,95,183,161
tire_082.jpg,244,206,tire,56,92,100,119
tire_082.jpg,244,206,tire,186,52,232,88
tire_082.jpg,244,206,tire,184,24,221,48
tire_083.jpg,275,183,tire,101,101,188,147
tire_083.jpg,275,183,tire,142,11,154,29
tire_084.jpg,276,183,tire,165,121,276,169
tire_084.jpg,276,183,tire,89,105,166,130
tire_084.jpg,276,183,tire,167,91,229,109
tire_084.jpg,276,183,tire,103,74,140,89
tire_087.jpg,240,180,tire,154,58,240,151
tire_087.jpg,240,180,tire,13,70,95,158
tire_087.jpg,240,180,tire,106,40,188,136
tire_087.jpg,240,180,tire,71,17,144,60
tire_087.jpg,240,180,tire,1,10,69,65
tire_087.jpg,240,180,tire,20,1,86,41
tire_088.jpg,275,183,tire,64,1,274,183
tire_088.jpg,275,183,tire,118,36,224,109
tire_089.jpg,275,183,tire,209,114,275,150
tire_089.jpg,275,183,tire,165,74,220,124
tire_089.jpg,275,183,tire,227,71,266,108
tire_089.jpg,275,183,tire,59,108,142,175
tire_090.jpg,287,175,tire,1,55,287,174
tire_090.jpg,287,175,tire,230,10,280,56
tire_090.jpg,287,175,tire,21,7,53,49
tire_091.jpg,275,183,tire,151,80,206,136
tire_091.jpg,275,183,tire,51,102,125,179
tire_094.jpg,284,177,tire,238,118,284,163
tire_094.jpg,284,177,tire,118,94,173,119
tire_094.jpg,284,177,tire,60,83,97,97
tire_094.jpg,284,177,tire,22,76,54,85
tire_095.jpg,285,177,tire,66,51,142,134
tire_096.jpg,269,187,tire,32,15,221,185
tire_097.jpg,275,183,tire,98,28,274,183
tire_099.jpg,301,167,tire,160,44,215,62
tire_099.jpg,301,167,tire,160,63,210,81
tire_099.jpg,301,167,tire,159,81,212,99
tire_099.jpg,301,167,tire,159,99,209,117
tire_099.jpg,301,167,tire,160,117,210,136
tire_099.jpg,301,167,tire,229,54,301,124
tire_099.jpg,301,167,tire,225,114,301,166
tire_100.jpg,275,183,tire,74,119,148,174
tire_101.jpg,1300,866,tire,1,1,1021,742
tire_102.jpg,275,183,tire,67,109,260,183
tire_103.jpg,266,189,tire,146,117,230,168
tire_103.jpg,266,189,tire,164,90,264,152
tire_104.jpg,270,186,tire,8,11,145,139
tire_105.jpg,259,194,tire,56,46,253,194
tire_106.jpg,259,194,tire,132,136,214,185
tire_106.jpg,259,194,tire,40,115,106,159
tire_106.jpg,259,194,tire,189,76,227,111
tire_106.jpg,259,194,tire,156,85,196,131
tire_106.jpg,259,194,tire,156,61,192,96
tire_106.jpg,259,194,tire,1,135,44,169
tire_106.jpg,259,194,tire,1,91,26,123
tire_106.jpg,259,194,tire,21,74,51,93
tire_106.jpg,259,194,tire,129,88,164,132
tire_106.jpg,259,194,tire,56,76,91,107
tire_106.jpg,259,194,tire,1,124,37,141
tire_107.jpg,300,168,tire,131,106,203,163
tire_107.jpg,300,168,tire,182,59,200,115
tire_107.jpg,300,168,tire,34,67,96,124
tire_108.jpg,284,177,tire,61,41,158,68
tire_108.jpg,284,177,tire,57,68,158,98
tire_108.jpg,284,177,tire,60,97,154,125
tire_108.jpg,284,177,tire,56,121,154,152
tire_108.jpg,284,177,tire,57,148,153,177
tire_108.jpg,284,177,tire,1,117,55,169
tire_110.jpg,768,495,tire,177,117,645,482
tire_110.jpg,768,495,tire,1,167,276,495
tire_111.jpg,268,188,tire,129,42,209,75
tire_111.jpg,268,188,tire,52,45,100,85
tire_111.jpg,268,188,tire,73,110,139,165
tire_111.jpg,268,188,tire,114,147,241,188
tire_111.jpg,268,188,tire,32,167,118,188
tire_111.jpg,268,188,tire,132,102,176,130
tire_111.jpg,268,188,tire,1,147,64,187
tire_112.jpg,266,189,tire,21,77,82,116
tire_112.jpg,266,189,tire,57,72,135,141
tire_112.jpg,266,189,tire,90,100,162,169
tire_112.jpg,266,189,tire,122,60,182,103
tire_114.jpg,275,183,tire,70,127,145,180
tire_115.jpg,287,175,tire,14,1,146,146
tire_115.jpg,287,175,tire,81,18,194,139
tire_117.jpg,259,194,tire,1,20,259,193
tire_118.jpg,259,194,tire,58,159,114,187
tire_118.jpg,259,194,tire,204,71,241,113
tire_118.jpg,259,194,tire,190,31,227,67
tire_118.jpg,259,194,tire,90,101,143,145
tire_118.jpg,259,194,tire,100,135,143,173
tire_118.jpg,259,194,tire,66,65,112,91
tire_118.jpg,259,194,tire,52,76,101,99
tire_118.jpg,259,194,tire,34,92,95,116
tire_119.jpg,287,175,tire,144,101,198,138
tire_119.jpg,287,175,tire,93,97,150,129
tire_119.jpg,287,175,tire,111,73,161,106
tire_119.jpg,287,175,tire,105,64,144,82
tire_119.jpg,287,175,tire,16,122,90,167
tire_119.jpg,287,175,tire,16,99,77,126
tire_119.jpg,287,175,tire,1,75,61,101
tire_119.jpg,287,175,tire,89,46,125,66
tire_119.jpg,287,175,tire,61,65,99,94
tire_119.jpg,287,175,tire,49,54,87,76
tire_119.jpg,287,175,tire,20,55,50,79
tire_120.jpg,630,420,tire,282,69,579,408
tire_120.jpg,630,420,tire,165,34,363,370
tire_123.jpg,1200,630,tire,89,230,356,413
tire_123.jpg,1200,630,tire,245,217,616,529
tire_123.jpg,1200,630,tire,390,331,733,628
tire_123.jpg,1200,630,tire,559,160,825,360
tire_123.jpg,1200,630,tire,366,106,591,299
tire_123.jpg,1200,630,tire,563,105,763,176
tire_124.jpg,279,181,tire,1,69,79,181
tire_124.jpg,279,181,tire,1,45,38,79
tire_124.jpg,279,181,tire,74,52,176,157
tire_124.jpg,279,181,tire,137,16,189,40
tire_124.jpg,279,181,tire,242,1,273,17
tire_124.jpg,279,181,tire,184,3,230,38
tire_124.jpg,279,181,tire,25,92,158,181
tire_125.jpg,213,237,tire,5,109,105,191
tire_126.jpg,299,168,tire,120,81,175,137
tire_126.jpg,299,168,tire,175,99,224,134
tire_130.jpg,900,600,tire,168,184,746,538
tire_131.jpg,275,183,tire,1,2,242,182
tire_133.jpg,275,183,tire,112,107,155,162
tire_133.jpg,275,183,tire,193,84,224,103
tire_134.jpg,184,275,tire,1,233,50,275
tire_134.jpg,184,275,tire,46,164,79,182
tire_135.jpg,440,289,tire,294,191,367,261
tire_135.jpg,440,289,tire,207,171,292,254
tire_135.jpg,440,289,tire,122,234,202,285
tire_135.jpg,440,289,tire,17,230,115,277
tire_135.jpg,440,289,tire,213,249,288,281
tire_135.jpg,440,289,tire,290,250,364,284
tire_138.jpg,276,183,tire,53,79,128,162
tire_138.jpg,276,183,tire,117,52,198,158
tire_138.jpg,276,183,tire,98,38,151,84
tire_138.jpg,276,183,tire,138,21,191,55
tire_139.jpg,240,180,tire,118,75,221,176
tire_139.jpg,240,180,tire,1,8,97,87
tire_142.jpg,277,182,tire,235,102,277,140
tire_142.jpg,277,182,tire,177,111,222,140
tire_142.jpg,277,182,tire,221,32,253,55
tire_142.jpg,277,182,tire,190,43,226,58
tire_142.jpg,277,182,tire,216,57,257,75
tire_142.jpg,277,182,tire,54,32,93,65
tire_142.jpg,277,182,tire,63,5,104,33
tire_142.jpg,277,182,tire,100,29,142,66
tire_142.jpg,277,182,tire,101,16,141,48
tire_142.jpg,277,182,tire,2,36,48,53
tire_142.jpg,277,182,tire,45,12,63,47
tire_144.jpg,300,168,tire,1,21,300,168
tire_145.jpg,240,180,tire,1,129,161,179
tire_145.jpg,240,180,tire,30,90,189,163
tire_145.jpg,240,180,tire,76,58,197,109
tire_145.jpg,240,180,tire,1,19,107,77
tire_145.jpg,240,180,tire,81,5,171,60
tire_146.jpg,1200,630,tire,76,1,558,327
tire_146.jpg,1200,630,tire,93,147,550,458
tire_146.jpg,1200,630,tire,263,401,569,608
tire_147.jpg,300,168,tire,159,25,288,140
tire_147.jpg,300,168,tire,1,30,118,142
tire_149.jpg,283,178,tire,17,49,173,177
tire_152.jpg,254,198,tire,90,67,154,172
tire_152.jpg,254,198,tire,142,84,210,171
tire_154.jpg,259,194,tire,1,23,259,193
tire_155.jpg,900,573,tire,552,232,824,490
tire_155.jpg,900,573,tire,695,201,900,389
tire_155.jpg,900,573,tire,91,340,268,495
tire_155.jpg,900,573,tire,265,269,468,469
tire_155.jpg,900,573,tire,460,195,593,332
tire_155.jpg,900,573,tire,390,77,554,217
tire_155.jpg,900,573,tire,156,149,349,348
tire_155.jpg,900,573,tire,315,161,449,287
tire_156.jpg,275,183,tire,102,93,198,152
tire_157.jpg,268,188,tire,208,148,244,181
tire_157.jpg,268,188,tire,193,117,227,147
tire_157.jpg,268,188,tire,163,159,212,188
tire_158.jpg,287,176,tire,79,116,170,176
tire_158.jpg,287,176,tire,220,29,247,40
tire_158.jpg,287,176,tire,111,53,149,72
tire_158.jpg,287,176,tire,58,46,94,74
tire_159.jpg,284,177,tire,75,1,222,135
tire_160.jpg,275,183,tire,48,8,275,182
tire_161.jpg,260,194,tire,46,10,104,63
tire_163.jpg,1280,853,tire,273,94,1010,425
tire_163.jpg,1280,853,tire,146,369,1062,853
tire_163.jpg,1280,853,tire,1062,363,1280,769
tire_166.jpg,259,194,tire,124,69,180,112
tire_166.jpg,259,194,tire,120,115,186,173
tire_166.jpg,259,194,tire,74,87,130,131
tire_166.jpg,259,194,tire,93,71,132,91
tire_167.jpg,259,194,tire,82,79,199,163
tire_167.jpg,259,194,tire,85,50,189,84
tire_168.jpg,275,183,tire,230,78,274,164
tire_168.jpg,275,183,tire,33,77,229,183
tire_168.jpg,275,183,tire,57,19,215,88
tire_169.jpg,275,183,tire,132,139,242,183
tire_169.jpg,275,183,tire,118,89,180,121
tire_169.jpg,275,183,tire,139,3,182,18
